# day33 homework - Database
```mysql
DAY33 

--등록일자가 2020/01/01 이전인 포켓몬들의 번호, 이름, 등록일자 알려줘

MariaDB [testdb]> SELECT no, name, regdate FROM pokemon WHERE regdate <= '2020-01-01';
+----+------+---------------------+
| no | name | regdate             |
+----+------+---------------------+
|  8 | 뮤   | 2019-11-28 22:10:03 |
+----+------+---------------------+





--레벨이 5 이상 10 이하인 포켓몬들의 모든 정보 알려줘 

MariaDB [testdb]> SELECT * FROM pokemon WHERE level>=5 && level<=10;
+----+--------+-------+------+------+---------------------+
| no | name   | level | hp   | ap   | regdate             |
+----+--------+-------+------+------+---------------------+
|  1 | 피카츄 |    10 | 1000 |   50 | 2020-12-09 14:24:03 |
|  2 | 푸린   |     5 | 3000 |  200 | 2020-12-09 14:26:11 |
+----+--------+-------+------+------+---------------------+





--모든 포켓몬들의 레벨 보여줘

MariaDB [testdb]> SELECT level FROM pokemon;
+-------+
| level |
+-------+
|    10 |
|     5 |
|    30 |
|    40 |
|    45 |
|    38 |
|    80 |
|    30 |
+-------+





--모든 포켓몬들의 레벨 보여줘. 중복 제거 해줘. (DISTINCT)  

MariaDB [testdb]> SELECT DISTINCT(level) FROM pokemon;
+-------+
| level |
+-------+
|    10 |
|     5 |
|    30 |
|    40 |
|    45 |
|    38 |
|    80 |
+-------+





--모든 포켓몬들의 이름, 레벨 보여줘. 이름 오름차순으로 보여줘  (ORDER BY) 

MariaDB [testdb]> SELECT name, level FROM pokemon ORDER BY name ASC;
+----------+-------+
| name     | level |
+----------+-------+
| 뚜벅초   |    40 |
| 라이츄   |    80 |
| 뮤       |    30 |
| 잠만보   |    38 |
| 치코리타 |    45 |
| 푸린     |     5 |
| 피카츄   |    10 |
| 희진     |    30 |
+----------+-------+





--모든 포켓몬들의 이름, 레벨 보여줘. 레벨 많은 순으로 보여줘  (ORDER BY) 

MariaDB [testdb]> SELECT name, level FROM pokemon ORDER BY level DESC;
+----------+-------+
| name     | level |
+----------+-------+
| 라이츄   |    80 |
| 치코리타 |    45 |
| 뚜벅초   |    40 |
| 잠만보   |    38 |
| 희진     |    30 |
| 뮤       |    30 |
| 피카츄   |    10 |
| 푸린     |     5 |
+----------+-------+



--레벨이 3이상인 모든 포켓몬들의 이름, 레벨 보여줘. 레벨 많은 순으로, 같은 레벨이면 이름 오름차순으로 보여줘  (ORDER BY)

MariaDB [testdb]> SELECT name, level FROM pokemon WHERE level >= 3 ORDER BY level DESC, name;
+----------+-------+
| name     | level |
+----------+-------+
| 라이츄   |    80 |
| 치코리타 |    45 |
| 뚜벅초   |    40 |
| 잠만보   |    38 |
| 뮤       |    30 |
| 희진     |    30 |
| 피카츄   |    10 |
| 푸린     |     5 |
+----------+-------+




--모든 포켓몬들의 이름, 레벨 보여줘. 등록일자 최신순으로 보여줘.

MariaDB [testdb]> SELECT name, level FROM pokemon ORDER BY regdate DESC;
+----------+-------+
| name     | level |
+----------+-------+
| 라이츄   |    80 |
| 잠만보   |    38 |
| 치코리타 |    45 |
| 뚜벅초   |    40 |
| 희진     |    30 |
| 푸린     |     5 |
| 피카츄   |    10 |
| 뮤       |    30 |
+----------+-------+




--레벨이 100 미만인 포켓몬들의 레벨을 1씩 증가해줘

MariaDB [testdb]> UPDATE pokemon SET level = level + 1 WHERE level<100;
Query OK, 8 rows affected (0.006 sec)
Rows matched: 8  Changed: 8  Warnings: 0

MariaDB [testdb]> SELECT * FROM pokemon;
+----+----------+-------+------+------+---------------------+
| no | name     | level | hp   | ap   | regdate             |
+----+----------+-------+------+------+---------------------+
|  1 | 피카츄   |    11 | 1000 |   50 | 2020-12-09 14:24:03 |
|  2 | 푸린     |     6 | 3000 |  200 | 2020-12-09 14:26:11 |
|  3 | 희진     |    31 | 1000 |  400 | 2020-12-09 14:26:37 |
|  4 | 뚜벅초   |    41 |  300 | 1000 | 2020-12-09 14:27:01 |
|  5 | 치코리타 |    46 | 3000 |  200 | 2020-12-09 14:27:26 |
|  6 | 잠만보   |    39 | NULL | NULL | 2020-12-09 14:32:35 |
|  7 | 라이츄   |    81 | NULL | NULL | 2020-12-09 14:45:55 |
|  8 | 뮤       |    31 | NULL | NULL | 2019-11-28 22:10:03 |
+----+----------+-------+------+------+---------------------+




--포켓몬 중 레벨이 100 인 포켓몬들을 삭제해줘

MariaDB [testdb]> DELETE FROM pokemon WHERE level = 100;
Query OK, 0 rows affected (0.003 sec)

MariaDB [testdb]> SELECT * FROM pokemon;
+----+----------+-------+------+------+---------------------+
| no | name     | level | hp   | ap   | regdate             |
+----+----------+-------+------+------+---------------------+
|  1 | 피카츄   |    11 | 1000 |   50 | 2020-12-09 14:24:03 |
|  2 | 푸린     |     6 | 3000 |  200 | 2020-12-09 14:26:11 |
|  3 | 희진     |    31 | 1000 |  400 | 2020-12-09 14:26:37 |
|  4 | 뚜벅초   |    41 |  300 | 1000 | 2020-12-09 14:27:01 |
|  5 | 치코리타 |    46 | 3000 |  200 | 2020-12-09 14:27:26 |
|  6 | 잠만보   |    39 | NULL | NULL | 2020-12-09 14:32:35 |
|  7 | 라이츄   |    81 | NULL | NULL | 2020-12-09 14:45:55 |
|  8 | 뮤       |    31 | NULL | NULL | 2019-11-28 22:10:03 |
+----+----------+-------+------+------+---------------------+





--레벨이 짝수인 포켓몬들의 레벨을 두배로 변경해줘

MariaDB [testdb]> UPDATE pokemon SET level = level*2 WHERE level%2 = 0;
Query OK, 2 rows affected (0.004 sec)
Rows matched: 2  Changed: 2  Warnings: 0

MariaDB [testdb]> SELECT * FROM pokemon;
+----+----------+-------+------+------+---------------------+
| no | name     | level | hp   | ap   | regdate             |
+----+----------+-------+------+------+---------------------+
|  1 | 피카츄   |    11 | 1000 |   50 | 2020-12-09 14:24:03 |
|  2 | 푸린     |    12 | 3000 |  200 | 2020-12-09 14:26:11 |
|  3 | 희진     |    31 | 1000 |  400 | 2020-12-09 14:26:37 |
|  4 | 뚜벅초   |    41 |  300 | 1000 | 2020-12-09 14:27:01 |
|  5 | 치코리타 |    92 | 3000 |  200 | 2020-12-09 14:27:26 |
|  6 | 잠만보   |    39 | NULL | NULL | 2020-12-09 14:32:35 |
|  7 | 라이츄   |    81 | NULL | NULL | 2020-12-09 14:45:55 |
|  8 | 뮤       |    31 | NULL | NULL | 2019-11-28 22:10:03 |
+----+----------+-------+------+------+---------------------+





--체력이 레벨의 100배보다 큰 포켓몬들의 레벨을 체력의 1/100로 수정해줘

--*수정 전

MariaDB [testdb]> SELECT * FROM pokemon;
+----+----------+-------+------+------+---------------------+
| no | name     | level | hp   | ap   | regdate             |
+----+----------+-------+------+------+---------------------+
|  1 | 피카츄   |    11 | 1000 |   50 | 2020-12-09 14:24:03 |
|  2 | 푸린     |    30 | 3000 |  200 | 2020-12-09 14:26:11 |
|  3 | 희진     |    31 | 1000 |  400 | 2020-12-09 14:26:37 |
|  4 | 뚜벅초   |    41 |  300 | 1000 | 2020-12-09 14:27:01 |
|  5 | 치코리타 |    92 | 3000 |  200 | 2020-12-09 14:27:26 |
|  6 | 잠만보   |    39 | NULL | NULL | 2020-12-09 14:32:35 |
|  7 | 라이츄   |    81 | NULL | NULL | 2020-12-09 14:45:55 |
|  8 | 뮤       |    31 | NULL | NULL | 2019-11-28 22:10:03 |
|  9 | 꼬부기   |     5 | 3000 |   50 | 2020-12-09 15:46:51 |
+----+----------+-------+------+------+---------------------+
9 rows in set (0.001 sec)



MariaDB [testdb]> UPDATE pokemon SET level = hp*0.01 WHERE hp>level*100;
Query OK, 1 row affected (0.001 sec)
Rows matched: 1  Changed: 1  Warnings: 0


-- *수정 후 

MariaDB [testdb]> SELECT * FROM pokemon;
+----+----------+-------+------+------+---------------------+
| no | name     | level | hp   | ap   | regdate             |
+----+----------+-------+------+------+---------------------+
|  1 | 피카츄   |    11 | 1000 |   50 | 2020-12-09 14:24:03 |
|  2 | 푸린     |    30 | 3000 |  200 | 2020-12-09 14:26:11 |
|  3 | 희진     |    31 | 1000 |  400 | 2020-12-09 14:26:37 |
|  4 | 뚜벅초   |    41 |  300 | 1000 | 2020-12-09 14:27:01 |
|  5 | 치코리타 |    92 | 3000 |  200 | 2020-12-09 14:27:26 |
|  6 | 잠만보   |    39 | NULL | NULL | 2020-12-09 14:32:35 |
|  7 | 라이츄   |    81 | NULL | NULL | 2020-12-09 14:45:55 |
|  8 | 뮤       |    31 | NULL | NULL | 2019-11-28 22:10:03 |
|  9 | 꼬부기   |    30 | 3000 |   50 | 2020-12-09 15:46:51 |
+----+----------+-------+------+------+---------------------+
9 rows in set (0.001 sec)


```
